name,parent name,uri,parent uri,description,level,source,subtitle,display,White,Mixed,Asian,Black,Chinese,National
Homepage,,/,,Racial Disparity Audit Homepage,,,,,,,,,,
Education,Homepage,/education,/,"Schools, higher education, adult education and where people go after leaving education",T1,,,,,,,,,
Work,Homepage,/work,/,"Employment, inactivity, unemployment, professions, benefits, Job Centres, and the public sector workforce",T1,,,,,,,,,
Housing & Living standards,Homepage,/housingandlivingstandards,/,"Home ownership, private renting, social housing, being homeless, losing your home, housing conditions, standard of living",T1,,,,,,,,,
Health,Homepage,/health,/,"Physical and mental health, preventing illness, quality of care, access to treatment, patient experiences, patient outcomes",T1,,,,,,,,,
Security & Justice,Homepage,/securityandjustice,/,"Justice, crimes, police, border controls",T1,,,,,,,,,
Private life and community,Homepage,privatelifeandcommunity,/,"Culture and the media, communities, environmental issues, civil action",T1,,,,,,,,,
Schools and colleges,Education,/education/schoolsandcolleges,/education,,T2,,,,,,,,,
Higher education and adult education,Education,/education/highereducationandadulteducation,/education,,T2,,,,,,,,,
Where students go after leaving education,Education,/education/wherestudentsgoafterleavingeducation,/education,,T2,,,,,,,,,
Early years outcomes,Schools and colleges,/education/schoolsandcolleges/earlyyearsoutcomes,/education/schoolsandcolleges,,T3,,,,,,,,,
Results and student progress,Schools and colleges,/education/schoolsandcolleges/resultsandstudentprogress,/education/schoolsandcolleges,,T3,,,,,,,,,
Applications and admissions,Higher education and adult education,/education/highereducationandadulteducation/applicationsandadmissions,/education/highereducationandadulteducation,,T3,,,,,,,,,
Results and student progress,Higher education and adult education,/education/highereducationandadulteducation/resultsandstudentprogress,/education/highereducationandadulteducation,,T3,,,,,,,,,
Adults in education,Higher education and adult education,/education/highereducationandadulteducation/adultsineducation,/education/highereducationandadulteducation,,T3,,,,,,,,,
After GCSEs,Where students go after leaving education,/education/wherestudentsgoafterleavingeducation/aftergcses,/education/wherestudentsgoafterleavingeducation,,T3,,,,,,,,,
After A-levels,Where students go after leaving education,/education/wherestudentsgoafterleavingeducation/aftera-levels,/education/wherestudentsgoafterleavingeducation,,T3,,,,,,,,,
After university,Where students go after leaving education,/education/wherestudentsgoafterleavingeducation/afteruniversity,/education/wherestudentsgoafterleavingeducation,,T3,,,,,,,,,
Apprenticeships,Where students go after leaving education,/education/wherestudentsgoafterleavingeducation/apprenticeships,/education/wherestudentsgoafterleavingeducation,,T3,,,,,,,,,
Employment rates after leaving education,Where students go after leaving education,/education/wherestudentsgoafterleavingeducation/employmentratesafterleavingeducation,/education/wherestudentsgoafterleavingeducation,,T3,,,,,,,,,
Early years foundation,Results and student progress,/education/schoolsandcolleges/resultsandstudentprogress/earlyyearsfoundation,/education/schoolsandcolleges/resultsandstudentprogress,,T4,,,,,,,,,
"Primary school reading, writing and maths",Results and student progress,/education/schoolsandcolleges/resultsandstudentprogress/primaryschoolreadingwritingandmaths,/education/schoolsandcolleges/resultsandstudentprogress,,T4,,,,,,,,,
"Primary school grammar, punctuation and spelling",Results and student progress,/education/schoolsandcolleges/resultsandstudentprogress/primaryschoolgrammarpunctuationandspelling,/education/schoolsandcolleges/resultsandstudentprogress,,T4,,,,,,,,,
Key stage 1 phonics,Results and student progress,/education/schoolsandcolleges/resultsandstudentprogress/keystage1phonics,/education/schoolsandcolleges/resultsandstudentprogress,,T4,,,,,,,,,
Key stage 1 results,Results and student progress,/education/schoolsandcolleges/resultsandstudentprogress/keystage1results,/education/schoolsandcolleges/resultsandstudentprogress,,T4,,,,,,,,,
Key stage 2 results,Results and student progress,/education/schoolsandcolleges/resultsandstudentprogress/keystage2results,/education/schoolsandcolleges/resultsandstudentprogress,,T4,,,,,,,,,
"Key stage 2 reading, writing and maths",Results and student progress,/education/schoolsandcolleges/resultsandstudentprogress/primaryschoolreadingwritingandmaths,/education/schoolsandcolleges/resultsandstudentprogress,"How do children perform in primary school reading, writing and maths tests?",T4,DfE,"Students that achieve expected progress in Key Stage 2 Reading, Writing and Maths",percent,0.535067477,0.55935382,0.561363004,0.514617128,0.720243674,0.538047837
"Key stage 2 grammar, punctuation and spelling",Results and student progress,/education/schoolsandcolleges/resultsandstudentprogress/primaryschoolgrammarpunctuationandspelling,/education/schoolsandcolleges/resultsandstudentprogress,"How do children perform in primary school grammar, punctuation and spelling?",T4,DfE,"Students that achieve expected progress in Key Stage 2 Grammar, Punctuation and Spelling",percent,0.715981542,0.754622015,0.796774458,0.759323032,0.880037488,0.730007227
Key stage 3 results,Results and student progress,/education/schoolsandcolleges/resultsandstudentprogress/keystage3results,/education/schoolsandcolleges/resultsandstudentprogress,,T4,,,,,,,,,
Key stage 4 results (GCSEs and equivalent),Results and student progress,/education/schoolsandcolleges/resultsandstudentprogress/keystage4results,/education/schoolsandcolleges/resultsandstudentprogress,,T4,,,,,,,,,
Attainment 8,Results and student progress,/education/schoolsandcolleges/resultsandstudentprogress/attainment8,/education/schoolsandcolleges/resultsandstudentprogress,How do students perform in their 8 best GCSEs?,T4,DfE,"Average grade in Progress 8 subjects (A=7, B = 6, C=5, D=4...)",decimal,4.975676253,5.061257856,5.28630963,4.893946863,6.297722698,5.005849811
English and Maths GCSEs,Results and student progress,/education/schoolsandcolleges/resultsandstudentprogress/englishandmathsgcses,/education/schoolsandcolleges/resultsandstudentprogress,How many students achieve at least C in both English and Maths,T4,DfE,Students that achieve C or more for English and Maths,percent,0.629541572,0.628532501,0.680872955,0.598354417,0.842979366,0.632621679
English Baccalaureate,Results and student progress,/education/schoolsandcolleges/resultsandstudentprogress/englishbaccalaureate,/education/schoolsandcolleges/resultsandstudentprogress,How do students perform in the English Baccalaureate,T4,DfE,Students that achieve the English Baccalaureate,percent,0.237383732,0.268623918,0.317484814,0.232338976,0.52994464,0.247969536
GCSEs grade A*-C,Results and student progress,/education/schoolsandcolleges/resultsandstudentprogress/gcsesgradeastarc,/education/schoolsandcolleges/resultsandstudentprogress,,T4,,,,,,,,,
Applied general results,Results and student progress,/education/schoolsandcolleges/resultsandstudentprogress/appliedgeneralresults,/education/schoolsandcolleges/resultsandstudentprogress,,T4,,,,,,,,,
Tech level results,Results and student progress,/education/schoolsandcolleges/resultsandstudentprogress/techlevelresults,/education/schoolsandcolleges/resultsandstudentprogress,,T4,,,,,,,,,
A-level results,Results and student progress,/education/schoolsandcolleges/resultsandstudentprogress/alevelresults,/education/schoolsandcolleges/resultsandstudentprogress,,T4,,,,,,,,,
Progress score (primary schools),Results and student progress,/education/schoolsandcolleges/resultsandstudentprogress/progressscoreprimaryschools,/education/schoolsandcolleges/resultsandstudentprogress,,T4,,,,,,,,,
English and maths progress between KS1 and KS2,Results and student progress,/education/schoolsandcolleges/resultsandstudentprogress/englishandmathsprogressbetweenks1andks2,/education/schoolsandcolleges/resultsandstudentprogress,,T4,,,,,,,,,
English and maths progress between KS2 and KS4,Results and student progress,/education/schoolsandcolleges/resultsandstudentprogress/englishandmathsprogressbetweenks2andks4,/education/schoolsandcolleges/resultsandstudentprogress,,T4,,,,,,,,,
Progress 8,Results and student progress,/education/schoolsandcolleges/resultsandstudentprogress/progress8,/education/schoolsandcolleges/resultsandstudentprogress,How much progress do students make between primary school and GCSE?,T4,DfE,Progress 8 score,decimal,-0.084998882,-0.039346636,0.284565224,0.152333068,0.54737997,-0.029090609
Progress 8 by subject,Results and student progress,/education/schoolsandcolleges/resultsandstudentprogress/progress8bysubject,/education/schoolsandcolleges/resultsandstudentprogress,,T4,,,,,,,,,
Progress score (age 16-18),Results and student progress,/education/schoolsandcolleges/resultsandstudentprogress/progressscoreage1618,/education/schoolsandcolleges/resultsandstudentprogress,,T4,,,,,,,,,
Students who finish their main A-level course,Results and student progress,/education/schoolsandcolleges/resultsandstudentprogress/studentswhofinishtheirmainalevelcourse,/education/schoolsandcolleges/resultsandstudentprogress,,T4,,,,,,,,,
Employment,Work,/work/employment,/work,This is a description of the Employment page. Source to be decided.,T2,,,,,,,,,
Pay & conditions,Work,/work/payandconditions,/work,This is a description of the Pay & conditions page. Source to be decided.,T2,,,,,,,,,
Benefits,Work,/work/benefits,/work,This is a description of the Benefits page. Source to be decided.,T2,,,,,,,,,
Discrimination,Work,/work/discrimination,/work,This is a description of the Discrimination page. Source to be decided.,T2,,,,,,,,,
Government support,Work,/work/governmentsupport,/work,This is a description of the Government support page. Source to be decided.,T2,,,,,,,,,
Representation,Work,/work/representation,/work,This is a description of the Representation page. Source to be decided.,T2,,,,,,,,,
Home ownership,Housing & Living standards,/housingandlivingstandards/homeownership,/housingandlivingstandards,This is a description of the Home ownership page. Source to be decided.,T2,,,,,,,,,
Housing Conditions & Quality,Housing & Living standards,/housingandlivingstandards/housingconditionsandquality,/housingandlivingstandards,This is a description of the Housing Conditions & Quality page. Source to be decided.,T2,,,,,,,,,
Social & Affordable Housing,Housing & Living standards,/housingandlivingstandards/socialandaffordablehousing,/housingandlivingstandards,"Affordable housing is social rented, affordable rented and intermediate housing, provided to eligible households whose needs are not met by the market. Eligibility is determined with regard to local incomes and local house prices. ",T2,,,,,,,,,
Private renting,Housing & Living standards,/housingandlivingstandards/privaterenting,/housingandlivingstandards,This is a description of the Private renting page. Source to be decided.,T2,,,,,,,,,
Homelessness & Rough Sleeping,Housing & Living standards,/housingandlivingstandards/homelessnessandroughsleeping,/housingandlivingstandards,This is a description of the Homelessness & Rough Sleeping page. Source to be decided.,T2,,,,,,,,,
Poverty & Deprivation,Housing & Living standards,/housingandlivingstandards/povertyanddeprivation,/housingandlivingstandards,This is a description of the Poverty & Deprivation page. Source to be decided.,T2,,,,,,,,,
Physical and mental health,Health,/health/physicalandmentalhealth,/health,General listing - some of which pulled from Quality and Outcomes Framework (QOF) - 2013-14.,T2,,,,,,,,,
Preventing illness,Health,/health/preventingillness,/health,Data relating to staying healthy and common health issues in the UK.,T2,,,,,,,,,
Quality of care,Health,/health/qualityofcare,/health,This is a description of the Quality of care page,T2,,,,,,,,,
Access to treatment,Health,/health/accesstotreatment,/health,This is a description of the Access to treatment page,T2,,,,,,,,,
Patient experiences,Health,/health/patientexperiences,/health,This is a description of the Patient experiences page,T2,,,,,,,,,
Patient outcomes,Health,/health/patientoutcomes,/health,This is a description of the Patient outcomes page,T2,,,,,,,,,
Criminal Justice System,Security & Justice,/securityandjustice/criminaljusticesystem,/securityandjustice,This is a description of the Criminal Justice System page. Source to be decided.,T2,,,,,,,,,
Crimes,Security & Justice,/securityandjustice/crimes,/securityandjustice,This is a description of the Crimes page. Source to be decided.,T2,,,,,,,,,
Police,Security & Justice,/securityandjustice/police,/securityandjustice,This is a description of the Police page. Source to be decided.,T2,,,,,,,,,
Customs,Security & Justice,/securityandjustice/customs,/securityandjustice,This is a description of the Customs page. Source to be decided.,T2,,,,,,,,,
Defence,Security & Justice,/securityandjustice/defence,/securityandjustice,This is a description of the Defence page. Source to be decided.,T2,,,,,,,,,
Representation,Private life and community,/privatelifeandcommunity/representation,/privatelifeandcommunity,This is a description of the Representation page. Source to be decided.,T2,,,,,,,,,
Culture and the media,Private life and community,/privatelifeandcommunity/cultureandthemedia,/privatelifeandcommunity,This is a description of the Culture and the media page. Source to be decided.,T2,,,,,,,,,
Communities and the environment,Private life and community,/privatelifeandcommunity/communitiesandtheenvironment,/privatelifeandcommunity,This is a description of the Communities and the environment page. Source to be decided.,T2,,,,,,,,,
COCivic action,Private life and community,/privatelifeandcommunity/cocivicaction,/privatelifeandcommunity,This is a description of the COCivic action page. Source to be decided.,T2,,,,,,,,,
Well-being,Private life and community,/privatelifeandcommunity/well-being,/privatelifeandcommunity,This is a description of the Well-being page. Source to be decided.,T2,,,,,,,,,
Participation in the labour market,Employment,/work/employment/participationinthelabourmarket,/work/employment,This is a description of the Participation in the labour market page. Source to be decided.,T3,,,,,,,,,
Graduate outcomes,Employment,/work/employment/graduateoutcomes,/work/employment,This is a description of the Graduate outcomes page. Source to be decided.,T3,,,,,,,,,
Reasons for inactivity,Employment,/work/employment/reasonsforinactivity,/work/employment,This is a description of the Reasons for inactivity page. Source to be decided.,T3,,,,,,,,,
Occupations,Pay & conditions,/work/payandconditions/occupations,/work/payandconditions,This is a description of the Occupations page. Source to be decided.,T3,,,,,,,,,
Income,Pay & conditions,/work/payandconditions/income,/work/payandconditions,This is a description of the Income page. Source to be decided.,T3,,,,,,,,,
Low pay,Pay & conditions,/work/payandconditions/lowpay,/work/payandconditions,This is a description of the Low pay page. Source to be decided.,T3,,,,,,,,,
Temporary employment,Pay & conditions,/work/payandconditions/temporaryemployment,/work/payandconditions,This is a description of the Temporary employment page. Source to be decided.,T3,,,,,,,,,
Zero Hours contracts,Pay & conditions,/work/payandconditions/zerohourscontracts,/work/payandconditions,This is a description of the Zero Hours contracts page. Source to be decided.,T3,,,,,,,,,
Minimum wage,Pay & conditions,/work/payandconditions/minimumwage,/work/payandconditions,This is a description of the Minimum wage page. Source to be decided.,T3,,,,,,,,,
Benefit claims,Benefits,/work/benefits/benefitclaims,/work/benefits,This is a description of the Benefit claims page. Source to be decided.,T3,,,,,,,,,
Child maintenance,Benefits,/work/benefits/childmaintenance,/work/benefits,This is a description of the Child maintenance page. Source to be decided.,T3,,,,,,,,,
Benefit fraud,Benefits,/work/benefits/benefitfraud,/work/benefits,This is a description of the Benefit fraud page. Source to be decided.,T3,,,,,,,,,
Discrimination at work,Discrimination,/work/discrimination/discriminationatwork,/work/discrimination,This is a description of the Discrimination at work page. Source to be decided.,T3,,,,,,,,,
Employment tribunals,Discrimination,/work/discrimination/employmenttribunals,/work/discrimination,This is a description of the Employment tribunals page. Source to be decided.,T3,,,,,,,,,
Start-ups'; small business owners; entrepreneurs,Government support,/work/governmentsupport/start-ups';smallbusinessowners;entrepreneurs,/work/governmentsupport,This is a description of the Start-ups'; small business owners; entrepreneurs page. Source to be decided.,T3,,,,,,,,,
Start up loans,Government support,/work/governmentsupport/startuploans,/work/governmentsupport,This is a description of the Start up loans page. Source to be decided.,T3,,,,,,,,,
Customer satisfaction with frontline services,Government support,/work/governmentsupport/customersatisfactionwithfrontlineservices,/work/governmentsupport,This is a description of the Customer satisfaction with frontline services page. Source to be decided.,T3,,,,,,,,,
Diversity at work,Representation,/work/representation/diversityatwork,/work/representation,This is a description of the Diversity at work page. Source to be decided.,T3,,,,,,,,,
Access to home ownership,Home ownership,/housingandlivingstandards/homeownership/accesstohomeownership,/housingandlivingstandards/homeownership,This is a description of the Access to home ownership page. Source to be decided.,T3,,,,,,,,,
Access to mortgages,Home ownership,/housingandlivingstandards/homeownership/accesstomortgages,/housingandlivingstandards/homeownership,This is a description of the Access to mortgages page. Source to be decided.,T3,,,,,,,,,
Financial help from parents to buy home,Home ownership,/housingandlivingstandards/homeownership/financialhelpfromparentstobuyhome,/housingandlivingstandards/homeownership,This is a description of the Financial help from parents to buy home page. Source to be decided.,T3,,,,,,,,,
Mortgage arrears,Home ownership,/housingandlivingstandards/homeownership/mortgagearrears,/housingandlivingstandards/homeownership,This is a description of the Mortgage arrears page. Source to be decided.,T3,,,,,,,,,
Repossessions,Home ownership,/housingandlivingstandards/homeownership/repossessions,/housingandlivingstandards/homeownership,This is a description of the Repossessions page. Source to be decided.,T3,,,,,,,,,
Home ownership,Home ownership,/housingandlivingstandards/homeownership/homeownership,/housingandlivingstandards/homeownership,This is a description of the Home ownership page. Source to be decided.,T3,,,,,,,,,
Non-decent; poor quality; damp; overcrowded;under occupied housing,Housing Conditions & Quality,/housingandlivingstandards/housingconditionsandquality/non-decent;poorquality;damp;overcrowded;underoccupiedhousing,/housingandlivingstandards/housingconditionsandquality,This is a description of the Non-decent; poor quality; damp; overcrowded;under occupied housing page. Source to be decided.,T3,,,,,,,,,
Home repairs,Housing Conditions & Quality,/housingandlivingstandards/housingconditionsandquality/homerepairs,/housingandlivingstandards/housingconditionsandquality,This is a description of the Home repairs page. Source to be decided.,T3,,,,,,,,,
Energy efficient homes,Housing Conditions & Quality,/housingandlivingstandards/housingconditionsandquality/energyefficienthomes,/housingandlivingstandards/housingconditionsandquality,This is a description of the Energy efficient homes page. Source to be decided.,T3,,,,,,,,,
Household energy costs,Housing Conditions & Quality,/housingandlivingstandards/housingconditionsandquality/householdenergycosts,/housingandlivingstandards/housingconditionsandquality,This is a description of the Household energy costs page. Source to be decided.,T3,,,,,,,,,
Smoke alarms,Housing Conditions & Quality,/housingandlivingstandards/housingconditionsandquality/smokealarms,/housingandlivingstandards/housingconditionsandquality,This is a description of the Smoke alarms page. Source to be decided.,T3,,,,,,,,,
Fires at home,Housing Conditions & Quality,/housingandlivingstandards/housingconditionsandquality/firesathome,/housingandlivingstandards/housingconditionsandquality,This is a description of the Fires at home page. Source to be decided.,T3,,,,,,,,,
Access to social housing,Social & Affordable Housing,/housingandlivingstandards/socialandaffordablehousing/accesstosocialhousing,/housingandlivingstandards/socialandaffordablehousing,Local councils and housing associations provide affordable housing _ often to people on a low income or who need extra support. Each council and housing association has its own rules based on housing need. ,T3,,,,,,,,,
Length of tenure,Social & Affordable Housing,/housingandlivingstandards/socialandaffordablehousing/lengthoftenure,/housingandlivingstandards/socialandaffordablehousing,This is a description of the Length of tenure page. Source to be decided.,T3,,,,,,,,,
Social housing waiting list,Social & Affordable Housing,/housingandlivingstandards/socialandaffordablehousing/socialhousingwaitinglist,/housingandlivingstandards/socialandaffordablehousing,This is a description of the Social housing waiting list page. Source to be decided.,T3,,,,,,,,,
Succession rights,Social & Affordable Housing,/housingandlivingstandards/socialandaffordablehousing/successionrights,/housingandlivingstandards/socialandaffordablehousing,This is a description of the Succession rights page. Source to be decided.,T3,,,,,,,,,
Rent & rent arrears,Social & Affordable Housing,/housingandlivingstandards/socialandaffordablehousing/rentandrentarrears,/housingandlivingstandards/socialandaffordablehousing,This is a description of the Rent & rent arrears page. Source to be decided.,T3,,,,,,,,,
Right to buy; Right to acquire,Social & Affordable Housing,/housingandlivingstandards/socialandaffordablehousing/righttobuy;righttoacquire,/housingandlivingstandards/socialandaffordablehousing,This is a description of the Right to buy; Right to acquire page. Source to be decided.,T3,,,,,,,,,
Social & Affordable Housing,Social & Affordable Housing,/housingandlivingstandards/socialandaffordablehousing/socialandaffordablehousing,/housingandlivingstandards/socialandaffordablehousing,"Affordable housing is social rented, affordable rented and intermediate housing, provided to eligible households whose needs are not met by the market. Eligibility is determined with regard to local incomes and local house prices. ",T3,,,,,,,,,
Satisfaction with home,Social & Affordable Housing,/housingandlivingstandards/socialandaffordablehousing/satisfactionwithhome,/housingandlivingstandards/socialandaffordablehousing,This is a description of the Satisfaction with home page. Source to be decided.,T3,,,,,,,,,
Evictions,Social & Affordable Housing,/housingandlivingstandards/socialandaffordablehousing/evictions,/housingandlivingstandards/socialandaffordablehousing,This is a description of the Evictions page. Source to be decided.,T3,,,,,,,,,
Housing Benefit,Social & Affordable Housing,/housingandlivingstandards/socialandaffordablehousing/housingbenefit,/housingandlivingstandards/socialandaffordablehousing,This is a description of the Housing Benefit page. Source to be decided.,T3,,,,,,,,,
Access to private rented sector,Private renting,/housingandlivingstandards/privaterenting/accesstoprivaterentedsector,/housingandlivingstandards/privaterenting,This is a description of the Access to private rented sector page. Source to be decided.,T3,,,,,,,,,
Rent & rent arrears,Private renting,/housingandlivingstandards/privaterenting/rentandrentarrears,/housingandlivingstandards/privaterenting,This is a description of the Rent & rent arrears page. Source to be decided.,T3,,,,,,,,,
Secure tenancies,Private renting,/housingandlivingstandards/privaterenting/securetenancies,/housingandlivingstandards/privaterenting,This is a description of the Secure tenancies page. Source to be decided.,T3,,,,,,,,,
Agency fees,Private renting,/housingandlivingstandards/privaterenting/agencyfees,/housingandlivingstandards/privaterenting,This is a description of the Agency fees page. Source to be decided.,T3,,,,,,,,,
Protected deposit schemes,Private renting,/housingandlivingstandards/privaterenting/protecteddepositschemes,/housingandlivingstandards/privaterenting,This is a description of the Protected deposit schemes page. Source to be decided.,T3,,,,,,,,,
Satisfaction with home,Private renting,/housingandlivingstandards/privaterenting/satisfactionwithhome,/housingandlivingstandards/privaterenting,This is a description of the Satisfaction with home page. Source to be decided.,T3,,,,,,,,,
Evictions,Private renting,/housingandlivingstandards/privaterenting/evictions,/housingandlivingstandards/privaterenting,This is a description of the Evictions page. Source to be decided.,T3,,,,,,,,,
Landlords,Private renting,/housingandlivingstandards/privaterenting/landlords,/housingandlivingstandards/privaterenting,This is a description of the Landlords page. Source to be decided.,T3,,,,,,,,,
Homelessness & Rough Sleeping,Homelessness & Rough Sleeping,/housingandlivingstandards/homelessnessandroughsleeping/homelessnessandroughsleeping,/housingandlivingstandards/homelessnessandroughsleeping,This is a description of the Homelessness & Rough Sleeping page. Source to be decided.,T3,,,,,,,,,
Savings & Assets,Poverty & Deprivation,/housingandlivingstandards/povertyanddeprivation/savingsandassets,/housingandlivingstandards/povertyanddeprivation,This is a description of the Savings & Assets page. Source to be decided.,T3,,,,,,,,,
State & Private pensions,Poverty & Deprivation,/housingandlivingstandards/povertyanddeprivation/stateandprivatepensions,/housingandlivingstandards/povertyanddeprivation,This is a description of the State & Private pensions page. Source to be decided.,T3,,,,,,,,,
Car ownership,Poverty & Deprivation,/housingandlivingstandards/povertyanddeprivation/carownership,/housingandlivingstandards/povertyanddeprivation,This is a description of the Car ownership page. Source to be decided.,T3,,,,,,,,,
Travel,Poverty & Deprivation,/housingandlivingstandards/povertyanddeprivation/travel,/housingandlivingstandards/povertyanddeprivation,This is a description of the Travel page. Source to be decided.,T3,,,,,,,,,
Internet,Poverty & Deprivation,/housingandlivingstandards/povertyanddeprivation/internet,/housingandlivingstandards/povertyanddeprivation,This is a description of the Internet page. Source to be decided.,T3,,,,,,,,,
Deprivation,Poverty & Deprivation,/housingandlivingstandards/povertyanddeprivation/deprivation,/housingandlivingstandards/povertyanddeprivation,This is a description of the Deprivation page. Source to be decided.,T3,,,,,,,,,
Flu,Physical and mental health,/health/physicalandmentalhealth/flu,/health/physicalandmentalhealth,Flu,T3,,,,,,,,,
Norovirus and rotavirus,Physical and mental health,/health/physicalandmentalhealth/norovirusandrotavirus,/health/physicalandmentalhealth,Norovirus and rotavirus,T3,,,,,,,,,
Cancer,Physical and mental health,/health/physicalandmentalhealth/cancer,/health/physicalandmentalhealth,Cancer,T3,,,,,,,,,
Cardiovascular disease,Physical and mental health,/health/physicalandmentalhealth/cardiovasculardisease,/health/physicalandmentalhealth,Cardiovascular disease,T3,,,,,,,,,
Strokes,Physical and mental health,/health/physicalandmentalhealth/strokes,/health/physicalandmentalhealth,Strokes,T3,,,,,,,,,
Respiratory conditions,Physical and mental health,/health/physicalandmentalhealth/respiratoryconditions,/health/physicalandmentalhealth,Respiratory conditions,T3,,,,,,,,,
Kidney disease,Physical and mental health,/health/physicalandmentalhealth/kidneydisease,/health/physicalandmentalhealth,Kidney disease,T3,,,,,,,,,
Diabetes,Physical and mental health,/health/physicalandmentalhealth/diabetes,/health/physicalandmentalhealth,Diabetes,T3,,,,,,,,,
Hypothyroidism,Physical and mental health,/health/physicalandmentalhealth/hypothyroidism,/health/physicalandmentalhealth,Hypothyroidism,T3,,,,,,,,,
Palliative care,Physical and mental health,/health/physicalandmentalhealth/palliativecare,/health/physicalandmentalhealth,Palliative care,T3,,,,,,,,,
Osteoporosis,Physical and mental health,/health/physicalandmentalhealth/osteoporosis,/health/physicalandmentalhealth,Osteoporosis,T3,,,,,,,,,
Rheumatoid arthritis,Physical and mental health,/health/physicalandmentalhealth/rheumatoidarthritis,/health/physicalandmentalhealth,Rheumatoid arthritis,T3,,,,,,,,,
Dementia,Physical and mental health,/health/physicalandmentalhealth/dementia,/health/physicalandmentalhealth,Dementia,T3,,,,,,,,,
Depression,Physical and mental health,/health/physicalandmentalhealth/depression,/health/physicalandmentalhealth,Depression,T3,,,,,,,,,
Epilepsy,Physical and mental health,/health/physicalandmentalhealth/epilepsy,/health/physicalandmentalhealth,Epilepsy,T3,,,,,,,,,
Learning disabilities,Physical and mental health,/health/physicalandmentalhealth/learningdisabilities,/health/physicalandmentalhealth,Learning disabilities,T3,,,,,,,,,
Mental health,Physical and mental health,/health/physicalandmentalhealth/mentalhealth,/health/physicalandmentalhealth,Mental health,T3,,,,,,,,,
Vaccinations,Preventing illness,/health/preventingillness/vaccinations,/health/preventingillness,Vaccinations,T3,,,,,,,,,
Dentist check ups,Preventing illness,/health/preventingillness/dentistcheckups,/health/preventingillness,Dentist check ups,T3,,,,,,,,,
Activity and exercise,Preventing illness,/health/preventingillness/activityandexercise,/health/preventingillness,Activity and exercise,T3,,,,,,,,,
Healthy eating,Preventing illness,/health/preventingillness/healthyeating,/health/preventingillness,Healthy eating,T3,,,,,,,,,
Obesity,Preventing illness,/health/preventingillness/obesity,/health/preventingillness,Obesity,T3,,,,,,,,,
Smoking,Preventing illness,/health/preventingillness/smoking,/health/preventingillness,Smoking,T3,,,,,,,,,
Alcohol misuse,Preventing illness,/health/preventingillness/alcoholmisuse,/health/preventingillness,Alcohol misuse,T3,,,,,,,,,
Drug misuse,Preventing illness,/health/preventingillness/drugmisuse,/health/preventingillness,Drug misuse,T3,,,,,,,,,
Alcohol and drug related deaths,Preventing illness,/health/preventingillness/alcoholanddrugrelateddeaths,/health/preventingillness,Alcohol and drug related deaths,T3,,,,,,,,,
Sexually transmitted infections (STIs),Preventing illness,/health/preventingillness/sexuallytransmittedinfections(stis),/health/preventingillness,Sexually transmitted infections (STIs),T3,,,,,,,,,
Contraception,Preventing illness,/health/preventingillness/contraception,/health/preventingillness,Contraception,T3,,,,,,,,,
Complaints received by health and social care trusts,Quality of care,/health/qualityofcare/complaintsreceivedbyhealthandsocialcaretrusts,/health/qualityofcare,Complaints received by health and social care trusts,T3,,,,,,,,,
Clinical and social care negligence,Quality of care,/health/qualityofcare/clinicalandsocialcarenegligence,/health/qualityofcare,Clinical and social care negligence,T3,,,,,,,,,
Emergency care waiting times,Quality of care,/health/qualityofcare/emergencycarewaitingtimes,/health/qualityofcare,Emergency care waiting times,T3,,,,,,,,,
Ambulance quality indicators,Quality of care,/health/qualityofcare/ambulancequalityindicators,/health/qualityofcare,Ambulance quality indicators,T3,,,,,,,,,
GP patient survey care quality,Quality of care,/health/qualityofcare/gppatientsurveycarequality,/health/qualityofcare,GP patient survey care quality,T3,,,,,,,,,
Local doctors (GP),Access to treatment,/health/accesstotreatment/localdoctors(gp),/health/accesstotreatment,Local doctors (GP),T3,,,,,,,,,
Hospital admissions,Access to treatment,/health/accesstotreatment/hospitaladmissions,/health/accesstotreatment,Hospital admissions,T3,,,,,,,,,
Psychological therapies,Access to treatment,/health/accesstotreatment/psychologicaltherapies,/health/accesstotreatment,Psychological therapies,T3,,,,,,,,,
NHS health checks,Access to treatment,/health/accesstotreatment/nhshealthchecks,/health/accesstotreatment,NHS health checks,T3,,,,,,,,,
Dentist registrations,Access to treatment,/health/accesstotreatment/dentistregistrations,/health/accesstotreatment,Dentist registrations,T3,,,,,,,,,
Vaccinations,Access to treatment,/health/accesstotreatment/vaccinations,/health/accesstotreatment,Vaccinations,T3,,,,,,,,,
Child immunisations,Access to treatment,/health/accesstotreatment/childimmunisations,/health/accesstotreatment,Child immunisations,T3,,,,,,,,,
Sexually transmitted infections (STIs) services,Access to treatment,/health/accesstotreatment/sexuallytransmittedinfections(stis)services,/health/accesstotreatment,Sexually transmitted infections (STIs) services,T3,,,,,,,,,
GP surgeries overall,Patient experiences,/health/patientexperiences/gpsurgeriesoverall,/health/patientexperiences,GP surgeries overall,T3,,,,,,,,,
Online services,Patient experiences,/health/patientexperiences/onlineservices,/health/patientexperiences,Online services,T3,,,,,,,,,
Making an appointment,Patient experiences,/health/patientexperiences/makinganappointment,/health/patientexperiences,Making an appointment,T3,,,,,,,,,
Planning care,Patient experiences,/health/patientexperiences/planningcare,/health/patientexperiences,Planning care,T3,,,,,,,,,
Opening times,Patient experiences,/health/patientexperiences/openingtimes,/health/patientexperiences,Opening times,T3,,,,,,,,,
Mental health service availability,Patient experiences,/health/patientexperiences/mentalhealthserviceavailability,/health/patientexperiences,Mental health service availability,T3,,,,,,,,,
Health and social care workers,Patient experiences,/health/patientexperiences/healthandsocialcareworkers,/health/patientexperiences,Health and social care workers,T3,,,,,,,,,
Life expectancy,Patient outcomes,/health/patientoutcomes/lifeexpectancy,/health/patientoutcomes,Life expectancy,T3,,,,,,,,,
Cause of death,Patient outcomes,/health/patientoutcomes/causeofdeath,/health/patientoutcomes,Cause of death,T3,,,,,,,,,
Infant deaths,Patient outcomes,/health/patientoutcomes/infantdeaths,/health/patientoutcomes,Infant deaths,T3,,,,,,,,,
Under 18 conceptions,Patient outcomes,/health/patientoutcomes/under18conceptions,/health/patientoutcomes,Under 18 conceptions,T3,,,,,,,,,
Treatment results (e.g. operation impacts quality of life),Patient outcomes,/health/patientoutcomes/treatmentresults(egoperationimpactsqualityoflife),/health/patientoutcomes,Treatment results (e.g. operation impacts quality of life),T3,,,,,,,,,
Convictions,Criminal Justice System,/securityandjustice/criminaljusticesystem/convictions,/securityandjustice/criminaljusticesystem,This is a description of the Convictions page. Source to be decided.,T3,,,,,,,,,
Legal aid,Criminal Justice System,/securityandjustice/criminaljusticesystem/legalaid,/securityandjustice/criminaljusticesystem,This is a description of the Legal aid page. Source to be decided.,T3,,,,,,,,,
Custody remands,Criminal Justice System,/securityandjustice/criminaljusticesystem/custodyremands,/securityandjustice/criminaljusticesystem,This is a description of the Custody remands page. Source to be decided.,T3,,,,,,,,,
Release on Temporary Licence,Criminal Justice System,/securityandjustice/criminaljusticesystem/releaseontemporarylicence,/securityandjustice/criminaljusticesystem,This is a description of the Release on Temporary Licence page. Source to be decided.,T3,,,,,,,,,
Releases,Criminal Justice System,/securityandjustice/criminaljusticesystem/releases,/securityandjustice/criminaljusticesystem,This is a description of the Releases page. Source to be decided.,T3,,,,,,,,,
Violence in prison,Criminal Justice System,/securityandjustice/criminaljusticesystem/violenceinprison,/securityandjustice/criminaljusticesystem,This is a description of the Violence in prison page. Source to be decided.,T3,,,,,,,,,
Deaths in custody; prison,Criminal Justice System,/securityandjustice/criminaljusticesystem/deathsincustody;prison,/securityandjustice/criminaljusticesystem,This is a description of the Deaths in custody; prison page. Source to be decided.,T3,,,,,,,,,
Self-harm in custody; prison,Criminal Justice System,/securityandjustice/criminaljusticesystem/self-harmincustody;prison,/securityandjustice/criminaljusticesystem,This is a description of the Self-harm in custody; prison page. Source to be decided.,T3,,,,,,,,,
Rehabilitation in prison,Criminal Justice System,/securityandjustice/criminaljusticesystem/rehabilitationinprison,/securityandjustice/criminaljusticesystem,This is a description of the Rehabilitation in prison page. Source to be decided.,T3,,,,,,,,,
Reoffending,Criminal Justice System,/securityandjustice/criminaljusticesystem/reoffending,/securityandjustice/criminaljusticesystem,This is a description of the Reoffending page. Source to be decided.,T3,,,,,,,,,
Offences,Criminal Justice System,/securityandjustice/criminaljusticesystem/offences,/securityandjustice/criminaljusticesystem,This is a description of the Offences page. Source to be decided.,T3,,,,,,,,,
Assaults in custody,Criminal Justice System,/securityandjustice/criminaljusticesystem/assaultsincustody,/securityandjustice/criminaljusticesystem,This is a description of the Assaults in custody page. Source to be decided.,T3,,,,,,,,,
Use of force or restraint incident,Criminal Justice System,/securityandjustice/criminaljusticesystem/useofforceorrestraintincident,/securityandjustice/criminaljusticesystem,This is a description of the Use of force or restraint incident page. Source to be decided.,T3,,,,,,,,,
Prison staff,Criminal Justice System,/securityandjustice/criminaljusticesystem/prisonstaff,/securityandjustice/criminaljusticesystem,This is a description of the Prison staff page. Source to be decided.,T3,,,,,,,,,
Justice staff,Criminal Justice System,/securityandjustice/criminaljusticesystem/justicestaff,/securityandjustice/criminaljusticesystem,This is a description of the Justice staff page. Source to be decided.,T3,,,,,,,,,
Victims of crime,Crimes,/securityandjustice/crimes/victimsofcrime,/securityandjustice/crimes,This is a description of the Victims of crime page. Source to be decided.,T3,,,,,,,,,
Fear of crime,Crimes,/securityandjustice/crimes/fearofcrime,/securityandjustice/crimes,This is a description of the Fear of crime page. Source to be decided.,T3,,,,,,,,,
Homicide,Crimes,/securityandjustice/crimes/homicide,/securityandjustice/crimes,This is a description of the Homicide page. Source to be decided.,T3,,,,,,,,,
Arrests,Crimes,/securityandjustice/crimes/arrests,/securityandjustice/crimes,This is a description of the Arrests page. Source to be decided.,T3,,,,,,,,,
Hate crime,Crimes,/securityandjustice/crimes/hatecrime,/securityandjustice/crimes,This is a description of the Hate crime page. Source to be decided.,T3,,,,,,,,,
Confidence in police,Police,/securityandjustice/police/confidenceinpolice,/securityandjustice/police,This is a description of the Confidence in police page. Source to be decided.,T3,,,,,,,,,
Stop & Search,Police,/securityandjustice/police/stopandsearch,/securityandjustice/police,This is a description of the Stop & Search page. Source to be decided.,T3,,,,,,,,,
Mental Health Act detentions,Police,/securityandjustice/police/mentalhealthactdetentions,/securityandjustice/police,This is a description of the Mental Health Act detentions page. Source to be decided.,T3,,,,,,,,,
Tasers,Police,/securityandjustice/police/tasers,/securityandjustice/police,This is a description of the Tasers page. Source to be decided.,T3,,,,,,,,,
Deaths in custody; prison,Police,/securityandjustice/police/deathsincustody;prison,/securityandjustice/police,This is a description of the Deaths in custody; prison page. Source to be decided.,T3,,,,,,,,,
"Use of force, restraint",Police,/securityandjustice/police/useofforcerestraint,/securityandjustice/police,"This is a description of the Use of force, restraint page. Source to be decided.",T3,,,,,,,,,
Workforce,Police,/securityandjustice/police/workforce,/securityandjustice/police,This is a description of the Workforce page. Source to be decided.,T3,,,,,,,,,
Passports,Customs,/securityandjustice/customs/passports,/securityandjustice/customs,This is a description of the Passports page. Source to be decided.,T3,,,,,,,,,
Airport security,Customs,/securityandjustice/customs/airportsecurity,/securityandjustice/customs,This is a description of the Airport security page. Source to be decided.,T3,,,,,,,,,
Workforce,Defence,/securityandjustice/defence/workforce,/securityandjustice/defence,This is a description of the Workforce page. Source to be decided.,T3,,,,,,,,,
Civil service,Representation,/privatelifeandcommunity/representation/civilservice,/privatelifeandcommunity/representation,This is a description of the Civil service page. Source to be decided.,T3,,,,,,,,,
"MPs, peers",Representation,/privatelifeandcommunity/representation/mpspeers,/privatelifeandcommunity/representation,"This is a description of the MPs, peers page. Source to be decided.",T3,,,,,,,,,
Representation in the media,Culture and the media,/privatelifeandcommunity/cultureandthemedia/representationinthemedia,/privatelifeandcommunity/cultureandthemedia,This is a description of the Representation in the media page. Source to be decided.,T3,,,,,,,,,
Culture & heritage,Culture and the media,/privatelifeandcommunity/cultureandthemedia/cultureandheritage,/privatelifeandcommunity/cultureandthemedia,This is a description of the Culture & heritage page. Source to be decided.,T3,,,,,,,,,
Communications,Culture and the media,/privatelifeandcommunity/cultureandthemedia/communications,/privatelifeandcommunity/cultureandthemedia,This is a description of the Communications page. Source to be decided.,T3,,,,,,,,,
Natural environment,Communities and the environment,/privatelifeandcommunity/communitiesandtheenvironment/naturalenvironment,/privatelifeandcommunity/communitiesandtheenvironment,This is a description of the Natural environment page. Source to be decided.,T3,,,,,,,,,
Belonging,Communities and the environment,/privatelifeandcommunity/communitiesandtheenvironment/belonging,/privatelifeandcommunity/communitiesandtheenvironment,This is a description of the Belonging page. Source to be decided.,T3,,,,,,,,,
Integration,Communities and the environment,/privatelifeandcommunity/communitiesandtheenvironment/integration,/privatelifeandcommunity/communitiesandtheenvironment,This is a description of the Integration page. Source to be decided.,T3,,,,,,,,,
Influencing decisions,Communities and the environment,/privatelifeandcommunity/communitiesandtheenvironment/influencingdecisions,/privatelifeandcommunity/communitiesandtheenvironment,This is a description of the Influencing decisions page. Source to be decided.,T3,,,,,,,,,
Life satisfaction,Communities and the environment,/privatelifeandcommunity/communitiesandtheenvironment/lifesatisfaction,/privatelifeandcommunity/communitiesandtheenvironment,This is a description of the Life satisfaction page. Source to be decided.,T3,,,,,,,,,
Neighbourhood,Communities and the environment,/privatelifeandcommunity/communitiesandtheenvironment/neighbourhood,/privatelifeandcommunity/communitiesandtheenvironment,This is a description of the Neighbourhood page. Source to be decided.,T3,,,,,,,,,
Air quality,Communities and the environment,/privatelifeandcommunity/communitiesandtheenvironment/airquality,/privatelifeandcommunity/communitiesandtheenvironment,This is a description of the Air quality page. Source to be decided.,T3,,,,,,,,,
Flood risk,Communities and the environment,/privatelifeandcommunity/communitiesandtheenvironment/floodrisk,/privatelifeandcommunity/communitiesandtheenvironment,This is a description of the Flood risk page. Source to be decided.,T3,,,,,,,,,
Waste sites,Communities and the environment,/privatelifeandcommunity/communitiesandtheenvironment/wastesites,/privatelifeandcommunity/communitiesandtheenvironment,This is a description of the Waste sites page. Source to be decided.,T3,,,,,,,,,
Civic activism,COCivic action,/privatelifeandcommunity/cocivicaction/civicactivism,/privatelifeandcommunity/cocivicaction,This is a description of the Civic activism page. Source to be decided.,T3,,,,,,,,,
Volunteering,COCivic action,/privatelifeandcommunity/cocivicaction/volunteering,/privatelifeandcommunity/cocivicaction,This is a description of the Volunteering page. Source to be decided.,T3,,,,,,,,,
Social Action,COCivic action,/privatelifeandcommunity/cocivicaction/socialaction,/privatelifeandcommunity/cocivicaction,This is a description of the Social Action page. Source to be decided.,T3,,,,,,,,,
Neighbourhood action,COCivic action,/privatelifeandcommunity/cocivicaction/neighbourhoodaction,/privatelifeandcommunity/cocivicaction,This is a description of the Neighbourhood action page. Source to be decided.,T3,,,,,,,,,
Life satisfaction,Well-being,/privatelifeandcommunity/well-being/lifesatisfaction,/privatelifeandcommunity/well-being,This is a description of the Life satisfaction page. Source to be decided.,T3,,,,,,,,,
Work01,Participation in the labour market,/work/employment/participationinthelabourmarket/work01,/work/employment/participationinthelabourmarket,Are people in the relevant group more or less likely to be: employed; inactive; unemployed?,T4,DWP,,,,,,,,
Work02,Participation in the labour market,/work/employment/participationinthelabourmarket/work02,/work/employment/participationinthelabourmarket,Are graduates in the relevant group more or less likely to be: unemployed; inactive?,T4,DWP,,,,,,,,
Work08,Participation in the labour market,/work/employment/participationinthelabourmarket/work08,/work/employment/participationinthelabourmarket,Are young men in the relevant group more or less likely to be economically inactive than other young men.,T4,DWP,,,,,,,,
Work09,Participation in the labour market,/work/employment/participationinthelabourmarket/work09,/work/employment/participationinthelabourmarket,Are women over 60 in the relevant group more or less likely to be economically inactive than other women over 60?,T4,DWP,,,,,,,,
Work10,Participation in the labour market,/work/employment/participationinthelabourmarket/work10,/work/employment/participationinthelabourmarket,Are people in the relevant group more or less likely to be unemployed or inactive for longer?,T4,DWP,,,,,,,,
Work03,Graduate outcomes,/work/employment/graduateoutcomes/work03,/work/employment/graduateoutcomes,Are graduates in the relevant group more or less likely to be unemployed 6 months after graduating?,T4,DWP,,,,,,,,
Work05,Graduate outcomes,/work/employment/graduateoutcomes/work05,/work/employment/graduateoutcomes,Are graduates in the relevant group more or less likely to be unemployed or inactive because they have fewer or more than 5 GCSEs?,T4,DWP,,,,,,,,
Work06,Graduate outcomes,/work/employment/graduateoutcomes/work06,/work/employment/graduateoutcomes,Are graduates in the relevant group more or less likely to be unemployed or inactive because they have fewer or more than 3 A levels?,T4,DWP,,,,,,,,
Work07,Graduate outcomes,/work/employment/graduateoutcomes/work07,/work/employment/graduateoutcomes,Are female graduates in the relevant group more or less likely to be in occupation than other female graduates?,T4,DWP,,,,,,,,
Work04,Reasons for inactivity,/work/employment/reasonsforinactivity/work04,/work/employment/reasonsforinactivity,Are people in the relevant group more or less likely to be inactive because they are in full-time education (students or apprenticeships)?,T4,DWP,,,,,,,,
Work11,Occupations,/work/payandconditions/occupations/work11,/work/payandconditions/occupations,Are people in the relevant group more or less likely to be in high-paid; low-paid occupations?,T4,DWP,,,,,,,,
Work12,Income,/work/payandconditions/income/work12,/work/payandconditions/income,Are people in the relevant group more or less likely to have highest/ lowest income levels?,T4,DWP,,,,,,,,
Work13,Low pay,/work/payandconditions/lowpay/work13,/work/payandconditions/lowpay,Are people in the relevant group more or less likely to be in high-paid; low-scale occupations? How long do they stay low-paid?,T4,DWP,,,,,,,,
Work14,Temporary employment,/work/payandconditions/temporaryemployment/work14,/work/payandconditions/temporaryemployment,Are people in the relevant group more or less likely to be self-employed or in the gig-economy? In temporary/ insecure employment of agency work?,T4,DWP,,,,,,,,
Work15,Zero Hours contracts,/work/payandconditions/zerohourscontracts/work15,/work/payandconditions/zerohourscontracts,Are people in the relevant group more or less likely to be on Zero Hours contracts?,T4,DWP,,,,,,,,
Work16,Minimum wage,/work/payandconditions/minimumwage/work16,/work/payandconditions/minimumwage,Are people in the relevant group more or less likely to be on low pay/minimum wage?,T4,DWP,,,,,,,,
Work17,Benefit claims,/work/benefits/benefitclaims/work17,/work/benefits/benefitclaims,Are people in the relevant group more or less likely to be claiming a benefit?,T4,DWP,,,,,,,,
Work18,Benefit claims,/work/benefits/benefitclaims/work18,/work/benefits/benefitclaims,Are people in the relevant group more or less likely to make or experience: benefit claims; sanctions; benefit rejections; benefits cap?,T4,DWP,,,,,,,,
Work19,Child maintenance,/work/benefits/childmaintenance/work19,/work/benefits/childmaintenance,Are people in the relevant group more or less likely to have low/high child maintenance claims?,T4,DWP,,,,,,,,
Work20,Benefit fraud,/work/benefits/benefitfraud/work20,/work/benefits/benefitfraud,Are people in the relevant group more or less likely to be found to commit benefit fraud?,T4,DWP,,,,,,,,
Work21,Benefit fraud,/work/benefits/benefitfraud/work21,/work/benefits/benefitfraud,Do some areas have higher benefits/ UC claims than others?,T4,DWP,,,,,,,,
Work22,Benefit fraud,/work/benefits/benefitfraud/work22,/work/benefits/benefitfraud,Which areas have the highest on-flow/ off-flow benefits rates per relevant group?,T4,DWP,,,,,,,,
Work23,Benefit fraud,/work/benefits/benefitfraud/work23,/work/benefits/benefitfraud,Which Job Centre has the highest/lowest success rate for helping a relevant group into employment?,T4,DWP,,,,,,,,
Work24,Discrimination at work,/work/discrimination/discriminationatwork/work24,/work/discrimination/discriminationatwork,Are people in the relevant group more or less likely to face discrimination at work?,T4,BEIS,,,,,,,,
Work25,Employment tribunals,/work/discrimination/employmenttribunals/work25,/work/discrimination/employmenttribunals,Are people in the relevant group more or less likely to be satisfied with the outcome of their employment tribunal?,T4,BEIS,,,,,,,,
Work26,Start-ups'; small business owners; entrepreneurs,/work/governmentsupport/start-ups';smallbusinessowners;entrepreneurs/work26,/work/governmentsupport/start-ups';smallbusinessowners;entrepreneurs,Are people in the relevant group more or less likely to be start-up's/small business owners/entrepreneurs?,T4,BEIS,,,,,,,,
Work27,Start up loans,/work/governmentsupport/startuploans/work27,/work/governmentsupport/startuploans,Are people in the relevant group more or less likely to access start-up loans?,T4,BEIS,,,,,,,,
Work28,Customer satisfaction with frontline services,/work/governmentsupport/customersatisfactionwithfrontlineservices/work28,/work/governmentsupport/customersatisfactionwithfrontlineservices,Are people in the relevant group more or less likely to be satisfied with service / interaction with DWP frontline?,T4,DWP,,,,,,,,
Work29,Diversity at work,/work/representation/diversityatwork/work29,/work/representation/diversityatwork,Are people in the relevant group more or less likely to be company directors; board members; FTSE CEO etc?,T4,BEIS,,,,,,,,
HousingAndLiving01,Access to home ownership,/housingandlivingstandards/homeownership/accesstohomeownership/housingandliving01,/housingandlivingstandards/homeownership/accesstohomeownership,Are people in the relevant group more or less likely to own their own home?,T4,DCLG,,,,,,,,
HousingAndLiving02,Access to mortgages,/housingandlivingstandards/homeownership/accesstomortgages/housingandliving02,/housingandlivingstandards/homeownership/accesstomortgages,Are people in the relevant group more or less likely to apply for a mortgage? And be accepted?,T4,DCLG,,,,,,,,
HousingAndLiving03,Financial help from parents to buy home,/housingandlivingstandards/homeownership/financialhelpfromparentstobuyhome/housingandliving03,/housingandlivingstandards/homeownership/financialhelpfromparentstobuyhome,Are people in the relevant group more or less likely to get financial help from parents/ grandparents to buy their own home? be older when they purchase their own home? save more/ less for the deposit?,T4,DCLG,,,,,,,,
HousingAndLiving04,Mortgage arrears,/housingandlivingstandards/homeownership/mortgagearrears/housingandliving04,/housingandlivingstandards/homeownership/mortgagearrears,Are people in the relevant group more or less likely to be in mortgage arrears?,T4,DCLG,,,,,,,,
HousingAndLiving05,Repossessions,/housingandlivingstandards/homeownership/repossessions/housingandliving05,/housingandlivingstandards/homeownership/repossessions,Are people in the relevant group more or less likely to have their home repossessed?,T4,DCLG,,,,,,,,
HousingAndLiving06,Home ownership,/housingandlivingstandards/homeownership/homeownership/housingandliving06,/housingandlivingstandards/homeownership/homeownership,Are people in the relevant group more or less satisfied with the home they own?,T4,DCLG,,,,,,,,
HousingAndLiving07,Home ownership,/housingandlivingstandards/homeownership/homeownership/housingandliving07,/housingandlivingstandards/homeownership/homeownership,Are people in the relevant group more or less satisfied with the area their own home is in?,T4,DCLG,,,,,,,,
HousingAndLiving08,Home ownership,/housingandlivingstandards/homeownership/homeownership/housingandliving08,/housingandlivingstandards/homeownership/homeownership,Are people in the relevant group more or less likely to be able to afford to buy their own home?,T4,DCLG,,,,,,,,
HousingAndLiving09,Non-decent; poor quality; damp; overcrowded;under occupied housing,/housingandlivingstandards/housingconditionsandquality/non-decent;poorquality;damp;overcrowded;underoccupiedhousing/housingandliving09,/housingandlivingstandards/housingconditionsandquality/non-decent;poorquality;damp;overcrowded;underoccupiedhousing,Are people in the relevant group more or less likely to live in non-decent/ poor quality/ damp/ overcrowded/ under occupied housing?,T4,DCLG,,,,,,,,
HousingAndLiving10,Home repairs,/housingandlivingstandards/housingconditionsandquality/homerepairs/housingandliving10,/housingandlivingstandards/housingconditionsandquality/homerepairs,Are people in the relevant group more or less likely to be able to get their council home repaired?,T4,DCLG,,,,,,,,
HousingAndLiving11,Home repairs,/housingandlivingstandards/housingconditionsandquality/homerepairs/housingandliving11,/housingandlivingstandards/housingconditionsandquality/homerepairs,Are people in the relevant group more or less likely to be able to afford to repair/ improve their own home?,T4,DCLG,,,,,,,,
HousingAndLiving12,Energy efficient homes,/housingandlivingstandards/housingconditionsandquality/energyefficienthomes/housingandliving12,/housingandlivingstandards/housingconditionsandquality/energyefficienthomes,Are people in the relevant group more or less likely to be able to live in energy efficient homes?,T4,DCLG,,,,,,,,
HousingAndLiving13,Household energy costs,/housingandlivingstandards/housingconditionsandquality/householdenergycosts/housingandliving13,/housingandlivingstandards/housingconditionsandquality/householdenergycosts,Are people in the relevant group more or less likely to be able to meet their household energy costs/be in fuel poverty?,T4,DCLG,,,,,,,,
HousingAndLiving14,Smoke alarms,/housingandlivingstandards/housingconditionsandquality/smokealarms/housingandliving14,/housingandlivingstandards/housingconditionsandquality/smokealarms,Are people in the relevant group more or less likely to have a smoke alarm in their home?,T4,DCLG,,,,,,,,
HousingAndLiving15,Fires at home,/housingandlivingstandards/housingconditionsandquality/firesathome/housingandliving15,/housingandlivingstandards/housingconditionsandquality/firesathome,Are people in the relevant group more or less likely to have experienced a fire at home?,T4,DCLG,,,,,,,,
"Ownership, rental and social housing",Access to social housing,/housingandlivingstandards/socialandaffordablehousing/accesstosocialhousing/housingandliving16,/housingandlivingstandards/socialandaffordablehousing/accesstosocialhousing,Comparisons of types of housing across England,T4,DCLG,,,,,,,,
Time in social and affordable housing,Access to social housing,/housingandlivingstandards/socialandaffordablehousing/accesstosocialhousing/housingandliving19,/housingandlivingstandards/socialandaffordablehousing/accesstosocialhousing,How long people have been living in social and affordable housing,T4,DCLG,,,,,,,,
HousingAndLiving17,Length of tenure,/housingandlivingstandards/socialandaffordablehousing/lengthoftenure/housingandliving17,/housingandlivingstandards/socialandaffordablehousing/lengthoftenure,Are people in the relevant group more or less likely to live in a council house for longer or shorter periods?,T4,DCLG,,,,,,,,
HousingAndLiving18,Social housing waiting list,/housingandlivingstandards/socialandaffordablehousing/socialhousingwaitinglist/housingandliving18,/housingandlivingstandards/socialandaffordablehousing/socialhousingwaitinglist,Are people in the relevant group more or less likely to be on the waiting list for council housing? What is the likely waiting time?,T4,DCLG,,,,,,,,
HousingAndLiving20,Succession rights,/housingandlivingstandards/socialandaffordablehousing/successionrights/housingandliving20,/housingandlivingstandards/socialandaffordablehousing/successionrights,Are people in the relevant group more or less likely to 'inherit' a council house?,T4,DCLG,,,,,,,,
HousingAndLiving21,Rent & rent arrears,/housingandlivingstandards/socialandaffordablehousing/rentandrentarrears/housingandliving21,/housingandlivingstandards/socialandaffordablehousing/rentandrentarrears,Are people in the relevant group likely to pay more or less to rent their council home?,T4,DCLG,,,,,,,,
HousingAndLiving25,Rent & rent arrears,/housingandlivingstandards/socialandaffordablehousing/rentandrentarrears/housingandliving25,/housingandlivingstandards/socialandaffordablehousing/rentandrentarrears,Are people in the relevant group more or less likely to be in rent arrears?,T4,DCLG,,,,,,,,
HousingAndLiving22,Right to buy; Right to acquire,/housingandlivingstandards/socialandaffordablehousing/righttobuy;righttoacquire/housingandliving22,/housingandlivingstandards/socialandaffordablehousing/righttobuy;righttoacquire,Are people in the relevant group more or less likely to purchase their council house?,T4,DCLG,,,,,,,,
HousingAndLiving23,Social & Affordable Housing,/housingandlivingstandards/socialandaffordablehousing/socialandaffordablehousing/housingandliving23,/housingandlivingstandards/socialandaffordablehousing/socialandaffordablehousing,Are people in the relevant group more or less satisfied with their council house?,T4,DCLG,,,,,,,,
HousingAndLiving28,Social & Affordable Housing,/housingandlivingstandards/socialandaffordablehousing/socialandaffordablehousing/housingandliving28,/housingandlivingstandards/socialandaffordablehousing/socialandaffordablehousing,Are people in the relevant group more or less likely to want to live in council housing?,T4,DCLG,,,,,,,,
HousingAndLiving29,Social & Affordable Housing,/housingandlivingstandards/socialandaffordablehousing/socialandaffordablehousing/housingandliving29,/housingandlivingstandards/socialandaffordablehousing/socialandaffordablehousing,Are people in the relevant group more or less likely to want to own their own home?,T4,DCLG,,,,,,,,
HousingAndLiving30,Social & Affordable Housing,/housingandlivingstandards/socialandaffordablehousing/socialandaffordablehousing/housingandliving30,/housingandlivingstandards/socialandaffordablehousing/socialandaffordablehousing,Are people in the relevant group more or less satisfied with the area their council house is in?,T4,DCLG,,,,,,,,
HousingAndLiving24,Satisfaction with home,/housingandlivingstandards/socialandaffordablehousing/satisfactionwithhome/housingandliving24,/housingandlivingstandards/socialandaffordablehousing/satisfactionwithhome,Are people in the relevant group more or less satisfied with the area their council house is in?,T4,DCLG,,,,,,,,
HousingAndLiving26,Evictions,/housingandlivingstandards/socialandaffordablehousing/evictions/housingandliving26,/housingandlivingstandards/socialandaffordablehousing/evictions,Are people in the relevant group more or less likely to be evicted?,T4,DCLG,,,,,,,,
HousingAndLiving27,Housing Benefit,/housingandlivingstandards/socialandaffordablehousing/housingbenefit/housingandliving27,/housingandlivingstandards/socialandaffordablehousing/housingbenefit,Are people in the relevant group more or less likely to be in receipt of Housing Benefit? And affected by the Benefit Cap? And affected by Spare Room Subsidy?,T4,DCLG,,,,,,,,
HousingAndLiving31,Access to private rented sector,/housingandlivingstandards/privaterenting/accesstoprivaterentedsector/housingandliving31,/housingandlivingstandards/privaterenting/accesstoprivaterentedsector,Are people in the relevant group more or less likely to be private renters?,T4,DCLG,,,,,,,,
HousingAndLiving32,Access to private rented sector,/housingandlivingstandards/privaterenting/accesstoprivaterentedsector/housingandliving32,/housingandlivingstandards/privaterenting/accesstoprivaterentedsector,Are people in the relevant group more or less likely to choose to live in the private rented sector?,T4,DCLG,,,,,,,,
HousingAndLiving33,Rent & rent arrears,/housingandlivingstandards/privaterenting/rentandrentarrears/housingandliving33,/housingandlivingstandards/privaterenting/rentandrentarrears,Do people in the relevant group pay more or less on rent in the private rented sector?,T4,DCLG,,,,,,,,
HousingAndLiving38,Rent & rent arrears,/housingandlivingstandards/privaterenting/rentandrentarrears/housingandliving38,/housingandlivingstandards/privaterenting/rentandrentarrears,Are people in the relevant group more or less likely to be in rent arrears?,T4,DCLG,,,,,,,,
HousingAndLiving34,Secure tenancies,/housingandlivingstandards/privaterenting/securetenancies/housingandliving34,/housingandlivingstandards/privaterenting/securetenancies,Are people in the relevant group more or less likely to be in secure tenancies? With what notice period?,T4,DCLG,,,,,,,,
HousingAndLiving35,Agency fees,/housingandlivingstandards/privaterenting/agencyfees/housingandliving35,/housingandlivingstandards/privaterenting/agencyfees,Are people in the relevant group more or less likely to have pay agency fees?,T4,DCLG,,,,,,,,
HousingAndLiving36,Protected deposit schemes,/housingandlivingstandards/privaterenting/protecteddepositschemes/housingandliving36,/housingandlivingstandards/privaterenting/protecteddepositschemes,Are people in the relevant group more or less likely to have access to govt protected deposit scheme?,T4,DCLG,,,,,,,,
HousingAndLiving37,Satisfaction with home,/housingandlivingstandards/privaterenting/satisfactionwithhome/housingandliving37,/housingandlivingstandards/privaterenting/satisfactionwithhome,Are people in the relevant group more or less satisfied with their privately rented home?,T4,DCLG,,,,,,,,
HousingAndLiving39,Evictions,/housingandlivingstandards/privaterenting/evictions/housingandliving39,/housingandlivingstandards/privaterenting/evictions,Are people in the relevant group more or less likely to be evicted?,T4,DCLG,,,,,,,,
HousingAndLiving40,Landlords,/housingandlivingstandards/privaterenting/landlords/housingandliving40,/housingandlivingstandards/privaterenting/landlords,Are people in the relevant group more or less likely to be landlords?,T4,DCLG,,,,,,,,
HousingAndLiving41,Homelessness & Rough Sleeping,/housingandlivingstandards/homelessnessandroughsleeping/homelessnessandroughsleeping/housingandliving41,/housingandlivingstandards/homelessnessandroughsleeping/homelessnessandroughsleeping,Are people in the relevant group more or less likely to be homeless? Rough sleepers?,T4,DCLG,,,,,,,,
HousingAndLiving42,Homelessness & Rough Sleeping,/housingandlivingstandards/homelessnessandroughsleeping/homelessnessandroughsleeping/housingandliving42,/housingandlivingstandards/homelessnessandroughsleeping/homelessnessandroughsleeping,Are people in the relevant group likely to be homeless/ rough sleepers for longer or shorter periods?,T4,DCLG,,,,,,,,
HousingAndLiving43,Savings & Assets,/housingandlivingstandards/povertyanddeprivation/savingsandassets/housingandliving43,/housingandlivingstandards/povertyanddeprivation/savingsandassets,Are people in the relevant group more or less likely to have savings or assets?,T4,DWP,,,,,,,,
HousingAndLiving44,State & Private pensions,/housingandlivingstandards/povertyanddeprivation/stateandprivatepensions/housingandliving44,/housingandlivingstandards/povertyanddeprivation/stateandprivatepensions,Are people in the relevant group more or less likely to have a private pension?,T4,DWP,,,,,,,,
HousingAndLiving45,State & Private pensions,/housingandlivingstandards/povertyanddeprivation/stateandprivatepensions/housingandliving45,/housingandlivingstandards/povertyanddeprivation/stateandprivatepensions,Are people in the relevant group more or less likely to have state pension entitlement compared to their actual claimant rate?,T4,DWP,,,,,,,,
HousingAndLiving46,State & Private pensions,/housingandlivingstandards/povertyanddeprivation/stateandprivatepensions/housingandliving46,/housingandlivingstandards/povertyanddeprivation/stateandprivatepensions,Are people in the relevant group have higher or lower pension income?,T4,DWP,,,,,,,,
HousingAndLiving47,Car ownership,/housingandlivingstandards/povertyanddeprivation/carownership/housingandliving47,/housingandlivingstandards/povertyanddeprivation/carownership,Are people from the relevant group more or less likely to own their own car?,T4,DfT,,,,,,,,
HousingAndLiving48,Travel,/housingandlivingstandards/povertyanddeprivation/travel/housingandliving48,/housingandlivingstandards/povertyanddeprivation/travel,Are people from the relevant group likely to spend more or less on travel?,T4,DfT,,,,,,,,
HousingAndLiving51,Travel,/housingandlivingstandards/povertyanddeprivation/travel/housingandliving51,/housingandlivingstandards/povertyanddeprivation/travel,Are people from the relevant group more or less likely to be satisfied with rail travel?,T4,DfT,,,,,,,,
HousingAndLiving53,Travel,/housingandlivingstandards/povertyanddeprivation/travel/housingandliving53,/housingandlivingstandards/povertyanddeprivation/travel,Do people from the relevant group have longer or shorter journeys to key locations (eg shop; supermarket; school; GP; centre of employment; major transport hub),T4,DfT,,,,,,,,
HousingAndLiving54,Travel,/housingandlivingstandards/povertyanddeprivation/travel/housingandliving54,/housingandlivingstandards/povertyanddeprivation/travel,"Are people from the relevant group more or less likely to be involved, hurt or killed in a car accident (as pedestrian or in the car)?",T4,DfT,,,,,,,,
HousingAndLiving49,Internet,/housingandlivingstandards/povertyanddeprivation/internet/housingandliving49,/housingandlivingstandards/povertyanddeprivation/internet,Are people in the relevant group more or less likely to have access to the internet?,T4,DCMS,,,,,,,,
HousingAndLiving50,Internet,/housingandlivingstandards/povertyanddeprivation/internet/housingandliving50,/housingandlivingstandards/povertyanddeprivation/internet,Are people in the relevant group more or less likely to have access to high-speed internet?,T4,DCMS,,,,,,,,
HousingAndLiving52,Deprivation,/housingandlivingstandards/povertyanddeprivation/deprivation/housingandliving52,/housingandlivingstandards/povertyanddeprivation/deprivation,Are people in the relevant group more or less likely to live in a deprived area? (across all 7 domains; and the aggregated measure),T4,DCLG,,,,,,,,
HealthAndSocial07,Obesity,/health/preventingillness/obesity/healthandsocial07,/health/preventingillness/obesity,Are people in the relevant group more or less likely to be obese?,T4,DH,,,,,,,,
HealthAndSocial08,Obesity,/health/preventingillness/obesity/healthandsocial08,/health/preventingillness/obesity,Are children in the relevant group more or less likely to be obese?,T4,DH,,,,,,,,
HealthAndSocial09,Smoking,/health/preventingillness/smoking/healthandsocial09,/health/preventingillness/smoking,Are people in the relevant group more or less likely to smoke?,T4,DH,,,,,,,,
HealthAndSocial24,Life expectancy,/health/patientoutcomes/lifeexpectancy/healthandsocial24,/health/patientoutcomes/lifeexpectancy,Do people in the relevant group have longer or shorter 'healthy years life expectancy',T4,DH,,,,,,,,
HealthAndSocial21,Cause of death,/health/patientoutcomes/causeofdeath/healthandsocial21,/health/patientoutcomes/causeofdeath,Are people in the relevant group more or less likely to die of specific causes?,T4,DH,,,,,,,,
SecurityAndJustice01,Convictions,/securityandjustice/criminaljusticesystem/convictions/securityandjustice01,/securityandjustice/criminaljusticesystem/convictions,Are people in the relevant group more or less likely to be convicted for particular offences - and to get shorter or longer sentences?,T4,MoJ,,,,,,,,
SecurityAndJustice03,Convictions,/securityandjustice/criminaljusticesystem/convictions/securityandjustice03,/securityandjustice/criminaljusticesystem/convictions,Are convictions for people in the relevant group more likely in some parts of the country?,T4,MoJ,,,,,,,,
SecurityAndJustice02,Legal aid,/securityandjustice/criminaljusticesystem/legalaid/securityandjustice02,/securityandjustice/criminaljusticesystem/legalaid,Are people in the relevant group more or less likely to get legal aid?,T4,MoJ,,,,,,,,
SecurityAndJustice04,Custody remands,/securityandjustice/criminaljusticesystem/custodyremands/securityandjustice04,/securityandjustice/criminaljusticesystem/custodyremands,Are people in the relevant group more or less likely to be remanded in custody for similar offences?,T4,MoJ,,,,,,,,
SecurityAndJustice05,Release on Temporary Licence,/securityandjustice/criminaljusticesystem/releaseontemporarylicence/securityandjustice05,/securityandjustice/criminaljusticesystem/releaseontemporarylicence,Are people in the relevant group more or less likely to be given ROTL?,T4,MoJ,,,,,,,,
SecurityAndJustice06,Releases,/securityandjustice/criminaljusticesystem/releases/securityandjustice06,/securityandjustice/criminaljusticesystem/releases,Are people in the relevant group more or less likely to be released?,T4,MoJ,,,,,,,,
SecurityAndJustice07,Violence in prison,/securityandjustice/criminaljusticesystem/violenceinprison/securityandjustice07,/securityandjustice/criminaljusticesystem/violenceinprison,Are people in the relevant group more or less likely to engage in violence in prison?,T4,MoJ,,,,,,,,
SecurityAndJustice08,Deaths in custody; prison,/securityandjustice/criminaljusticesystem/deathsincustody;prison/securityandjustice08,/securityandjustice/criminaljusticesystem/deathsincustody;prison,Are people in the relevant group more or less likely to die in prison?,T4,MoJ,,,,,,,,
SecurityAndJustice09,Self-harm in custody; prison,/securityandjustice/criminaljusticesystem/self-harmincustody;prison/securityandjustice09,/securityandjustice/criminaljusticesystem/self-harmincustody;prison,Are people in the relevant group more or less likely to self-harm?,T4,MoJ,,,,,,,,
SecurityAndJustice10,Rehabilitation in prison,/securityandjustice/criminaljusticesystem/rehabilitationinprison/securityandjustice10,/securityandjustice/criminaljusticesystem/rehabilitationinprison,Are people in the relevant group more or less likely to engage in purposeful activity in prison?,T4,MoJ,,,,,,,,
SecurityAndJustice11,Reoffending,/securityandjustice/criminaljusticesystem/reoffending/securityandjustice11,/securityandjustice/criminaljusticesystem/reoffending,Are people in the relevant group more or less likely to reoffend?,T4,MoJ,,,,,,,,
SecurityAndJustice12,Offences,/securityandjustice/criminaljusticesystem/offences/securityandjustice12,/securityandjustice/criminaljusticesystem/offences,How do Criminal Justice outcomes vary for offence type and geography?,T4,MoJ,,,,,,,,
SecurityAndJustice13,Offences,/securityandjustice/criminaljusticesystem/offences/securityandjustice13,/securityandjustice/criminaljusticesystem/offences,Are young people in the relevant group more or less likely to be cautioned or convicted for particular offences?,T4,MoJ,,,,,,,,
SecurityAndJustice14,Offences,/securityandjustice/criminaljusticesystem/offences/securityandjustice14,/securityandjustice/criminaljusticesystem/offences,Are young people in the relevant group more or less likely to be cautioned or convicted for particular offences?,T4,MoJ,,,,,,,,
SecurityAndJustice15,Assaults in custody,/securityandjustice/criminaljusticesystem/assaultsincustody/securityandjustice15,/securityandjustice/criminaljusticesystem/assaultsincustody,are young people in the relevant group more or less likely to perpetrate or experience assaults in custody?,T4,MoJ,,,,,,,,
SecurityAndJustice16,Use of force or restraint incident,/securityandjustice/criminaljusticesystem/useofforceorrestraintincident/securityandjustice16,/securityandjustice/criminaljusticesystem/useofforceorrestraintincident,Are young people in the relevant group more or less like to experience use of force or restraint incidents?,T4,MoJ,,,,,,,,
SecurityAndJustice17,Prison staff,/securityandjustice/criminaljusticesystem/prisonstaff/securityandjustice17,/securityandjustice/criminaljusticesystem/prisonstaff,Are people in the relevant group more or less likely to be prison staff?,T4,MoJ,,,,,,,,
SecurityAndJustice18,Justice staff,/securityandjustice/criminaljusticesystem/justicestaff/securityandjustice18,/securityandjustice/criminaljusticesystem/justicestaff,Are people in the relevant group more or less likely to be magistrates; judges?,T4,MoJ,,,,,,,,
SecurityAndJustice19,Victims of crime,/securityandjustice/crimes/victimsofcrime/securityandjustice19,/securityandjustice/crimes/victimsofcrime,Are people in the relevant group more or less likely to be victims of crime?,T4,HO,,,,,,,,
SecurityAndJustice20,Fear of crime,/securityandjustice/crimes/fearofcrime/securityandjustice20,/securityandjustice/crimes/fearofcrime,Are people in the relevant group more or less likely to have a fear of crime?,T4,HO,,,,,,,,
SecurityAndJustice21,Homicide,/securityandjustice/crimes/homicide/securityandjustice21,/securityandjustice/crimes/homicide,Are people in the relevant group more or less likely to be victims of homicide?,T4,HO,,,,,,,,
SecurityAndJustice22,Arrests,/securityandjustice/crimes/arrests/securityandjustice22,/securityandjustice/crimes/arrests,Are people in the relevant group more or less likely to be arrested for a notifiable office?,T4,HO,,,,,,,,
SecurityAndJustice23,Hate crime,/securityandjustice/crimes/hatecrime/securityandjustice23,/securityandjustice/crimes/hatecrime,Are people in the relevant group disproportionately victims of hate/racially-aggravated crime?,T4,HO,,,,,,,,
SecurityAndJustice24,Confidence in police,/securityandjustice/police/confidenceinpolice/securityandjustice24,/securityandjustice/police/confidenceinpolice,Are people in the relevant group more or less likely to have confidence in the police?,T4,HO,,,,,,,,
SecurityAndJustice25,Stop & Search,/securityandjustice/police/stopandsearch/securityandjustice25,/securityandjustice/police/stopandsearch,"Are people in the relevant group more or less likely to be stopped and searched, and arrested?",T4,HO,,,,,,,,
SecurityAndJustice26,Mental Health Act detentions,/securityandjustice/police/mentalhealthactdetentions/securityandjustice26,/securityandjustice/police/mentalhealthactdetentions,Are people in the relevant group more of less likely to be detained under the Mental Health Act?,T4,HO,,,,,,,,
SecurityAndJustice27,Tasers,/securityandjustice/police/tasers/securityandjustice27,/securityandjustice/police/tasers,Are people in the relevant group more or less likely to be involved in incidents involving Tasers?,T4,HO,,,,,,,,
SecurityAndJustice28,Deaths in custody; prison,/securityandjustice/police/deathsincustody;prison/securityandjustice28,/securityandjustice/police/deathsincustody;prison,Are deaths in custody/ deaths following police contact disproportionately among people in the relevant group?,T4,HO/MoJ,,,,,,,,
SecurityAndJustice29,"Use of force, restraint",/securityandjustice/police/useofforcerestraint/securityandjustice29,/securityandjustice/police/useofforcerestraint,Are young people in the relevant group more or less like to experience use of force or restraint incidents?,T4,HO/MoJ,,,,,,,,
SecurityAndJustice30,Workforce,/securityandjustice/police/workforce/securityandjustice30,/securityandjustice/police/workforce,Are people in the relevant group more or less likely to be employed as police officers?,T4,HO/MoJ,,,,,,,,
SecurityAndJustice31,Passports,/securityandjustice/customs/passports/securityandjustice31,/securityandjustice/customs/passports,Are people in the relevant group more or less likely to be satisfied with service from HMPO?,T4,HO,,,,,,,,
SecurityAndJustice32,Airport security,/securityandjustice/customs/airportsecurity/securityandjustice32,/securityandjustice/customs/airportsecurity,"Are people in the relevant group more or less likely to be searched/ held at the Customs point, under PACE",T4,HO,,,,,,,,
SecurityAndJustice33,Workforce,/securityandjustice/defence/workforce/securityandjustice33,/securityandjustice/defence/workforce,Are people in the relevant group more or less likely to be in the armed forces; or in the lowest/highest paid ranks ?,T4,MoD,,,,,,,,
SecurityAndJustice34,Workforce,/securityandjustice/defence/workforce/securityandjustice34,/securityandjustice/defence/workforce,Are people in the relevant group more or less likely to leave the armed forces?,T4,MoD,,,,,,,,
Participation01,Civil service,/privatelifeandcommunity/representation/civilservice/participation01,/privatelifeandcommunity/representation/civilservice,Are people in the relevant group more or less likely to be employed in the civil service?,T4,CO,,,,,,,,
Participation02,Civil service,/privatelifeandcommunity/representation/civilservice/participation02,/privatelifeandcommunity/representation/civilservice,Are people in the relevant group more or less likely to be employed in the civil service in a frontline role (eg job centre)?,T4,CO,,,,,,,,
Participation03,"MPs, peers",/privatelifeandcommunity/representation/mpspeers/participation03,/privatelifeandcommunity/representation/mpspeers,Are people in the relevant group more or less likely to be MPs/Peers?,T4,CO,,,,,,,,
Participation04,Representation in the media,/privatelifeandcommunity/cultureandthemedia/representationinthemedia/participation04,/privatelifeandcommunity/cultureandthemedia/representationinthemedia,Are people in the relevant group more or less likely to be represented by Public Service Broadcasters in both public facing staff and content?,T4,DCMS,,,,,,,,
Participation05,Representation in the media,/privatelifeandcommunity/cultureandthemedia/representationinthemedia/participation05,/privatelifeandcommunity/cultureandthemedia/representationinthemedia,Are people in the relevant group more or less likely to feel represented by Public Service Broadcasters in both public facing staff and content?,T4,DCMS,,,,,,,,
Participation06,Representation in the media,/privatelifeandcommunity/cultureandthemedia/representationinthemedia/participation06,/privatelifeandcommunity/cultureandthemedia/representationinthemedia,Are people in the relevant group more or less likely to feel the representation of their race in PSB is positive/ negative?,T4,DCMS,,,,,,,,
Participation07,Culture & heritage,/privatelifeandcommunity/cultureandthemedia/cultureandheritage/participation07,/privatelifeandcommunity/cultureandthemedia/cultureandheritage,Are people in the relevant group more or less likely to access (subsidised or unsubsidised) culture and heritage sites?,T4,DCMS,,,,,,,,
Participation08,Culture & heritage,/privatelifeandcommunity/cultureandthemedia/cultureandheritage/participation08,/privatelifeandcommunity/cultureandthemedia/cultureandheritage,Are people in the relevant group more or less likely to feel represented at (subsidised or unsubsidised) culture and heritage sites?,T4,DCMS,,,,,,,,
Participation09,Communications,/privatelifeandcommunity/cultureandthemedia/communications/participation09,/privatelifeandcommunity/cultureandthemedia/communications,Are people in the relevant group more or less likely to feel equipped to find the best value communication service provider?,T4,DCMS,,,,,,,,
Participation10,Natural environment,/privatelifeandcommunity/communitiesandtheenvironment/naturalenvironment/participation10,/privatelifeandcommunity/communitiesandtheenvironment/naturalenvironment,Are people in the relevant group more or less likely to access the natural environment?,T4,DEFRA,,,,,,,,
Participation11,Belonging,/privatelifeandcommunity/communitiesandtheenvironment/belonging/participation11,/privatelifeandcommunity/communitiesandtheenvironment/belonging,Are people in the relevant group more or less likely to feel they belong to their neighbourhood?',T4,CO,,,,,,,,
Participation12,Belonging,/privatelifeandcommunity/communitiesandtheenvironment/belonging/participation12,/privatelifeandcommunity/communitiesandtheenvironment/belonging,Are people in the relevant group more or less likely to feel the belong strongly to Britain?',T4,CO,,,,,,,,
Participation13,Integration,/privatelifeandcommunity/communitiesandtheenvironment/integration/participation13,/privatelifeandcommunity/communitiesandtheenvironment/integration,Are people in the relevant group more or less likely to feel their local area is a place where people from different backgrounds get on well together?',T4,CO,,,,,,,,
Participation14,Influencing decisions,/privatelifeandcommunity/communitiesandtheenvironment/influencingdecisions/participation14,/privatelifeandcommunity/communitiesandtheenvironment/influencingdecisions,Are people in the relevant group more or less likely to feel they can influence decisions in their local area?',T4,CO,,,,,,,,
Participation15,Life satisfaction,/privatelifeandcommunity/communitiesandtheenvironment/lifesatisfaction/participation15,/privatelifeandcommunity/communitiesandtheenvironment/lifesatisfaction,Are people in the relevant group more or less likely to feel satisfied with their life?',T4,ONS,,,,,,,,
Participation16,Neighbourhood,/privatelifeandcommunity/communitiesandtheenvironment/neighbourhood/participation16,/privatelifeandcommunity/communitiesandtheenvironment/neighbourhood,Are people in the relevant group more or less likely to chat to their neighbours?',T4,ONS,,,,,,,,
Participation17,Air quality,/privatelifeandcommunity/communitiesandtheenvironment/airquality/participation17,/privatelifeandcommunity/communitiesandtheenvironment/airquality,Are people from the relevant group more or less likely to live in an area of poor air quality?,T4,DEFRA,,,,,,,,
Participation18,Flood risk,/privatelifeandcommunity/communitiesandtheenvironment/floodrisk/participation18,/privatelifeandcommunity/communitiesandtheenvironment/floodrisk,Are people from the relevant group more or less likely to live in a flood risk area?,T4,DEFRA,,,,,,,,
Participation19,Waste sites,/privatelifeandcommunity/communitiesandtheenvironment/wastesites/participation19,/privatelifeandcommunity/communitiesandtheenvironment/wastesites,Are people from the relevant group more or less likely to live near a waste site?,T4,DEFRA,,,,,,,,
Participation20,Waste sites,/privatelifeandcommunity/communitiesandtheenvironment/wastesites/participation20,/privatelifeandcommunity/communitiesandtheenvironment/wastesites,Are people from the relevant group more or less likely to live near an environmental or hazardous incident?,T4,DEFRA,,,,,,,,
Participation21,Civic activism,/privatelifeandcommunity/cocivicaction/civicactivism/participation21,/privatelifeandcommunity/cocivicaction/civicactivism,Are people in the relevant group more or less likely to participate in civic activism [regularly]?,T4,CO,,,,,,,,
Participation22,Volunteering,/privatelifeandcommunity/cocivicaction/volunteering/participation22,/privatelifeandcommunity/cocivicaction/volunteering,Are people in the relevant group more or less likely volunteer [regularly]?,T4,CO,,,,,,,,
Participation23,Social Action,/privatelifeandcommunity/cocivicaction/socialaction/participation23,/privatelifeandcommunity/cocivicaction/socialaction,Are people in the relevant group more or less likely to be involved in social action?,T4,CO,,,,,,,,
Participation24,Neighbourhood action,/privatelifeandcommunity/cocivicaction/neighbourhoodaction/participation24,/privatelifeandcommunity/cocivicaction/neighbourhoodaction,Are people in the relevant group more or less likely to be involved in their neighbourhood/locality?,T4,CO,,,,,,,,
Participation25,Life satisfaction,/privatelifeandcommunity/well-being/lifesatisfaction/participation25,/privatelifeandcommunity/well-being/lifesatisfaction,Are people in the relevant group more or less likely to feel satisfied with their life?',T4,ONS,,,,,,,,
Participation26,Life satisfaction,/privatelifeandcommunity/well-being/lifesatisfaction/participation26,/privatelifeandcommunity/well-being/lifesatisfaction,Are people in the relevant group more or less likely to feel things that they did in their life were worthwhile?',T4,ONS,,,,,,,,
Participation27,Life satisfaction,/privatelifeandcommunity/well-being/lifesatisfaction/participation27,/privatelifeandcommunity/well-being/lifesatisfaction,Are people in the relevant group more or less likely to often feel lonely?',T4,ONS,,,,,,,,
Participation28,Life satisfaction,/privatelifeandcommunity/well-being/lifesatisfaction/participation28,/privatelifeandcommunity/well-being/lifesatisfaction,Are people in the relevant group more or less likely to feel the area they live in has improved in the last two years?,T4,ONS,,,,,,,,